<?xml version="1.0" encoding="iso-8859-1"?>
<wordset>
	<title>Mathematics and More</title>
	<!-- the title is mandatory -->
	<!-- each item must contain both word and hint elements, but the hint doesn't have to be helpful. -->
<item><word>absolute value</word><hint>Positive</hint></item>
<item><word>acute angle</word><hint>under ninety</hint></item>
<item><word>addition</word><hint>sum</hint></item>
<item><word>angle</word><hint>degrees</hint></item>
<item><word>asparagus</word><hint>Sparrow grass</hint></item>
<item><word>Astronomy</word><hint>stars</hint></item>
<item><word>average</word><hint>mean</hint></item>
<item><word>bar graph</word><hint>histogram</hint></item>
<item><word>bell curve</word><hint>normal distribution</hint></item>
<item><word>capacity</word><hint>volume</hint></item>
<item><word>cardinal numbers</word><hint>counting</hint></item>
<item><word>centimeter</word><hint>cm</hint></item>
<item><word>chance</word><hint>maybe</hint></item>
<item><word>chaos</word><hint>disorder</hint></item>
<item><word>chart</word><hint>graph</hint></item>
<item><word>cipher</word><hint>code</hint></item>
<item><word>circular</word><hint>Pi</hint></item>
<item><word>cleanliness</word><hint>sparkle</hint></item>
<item><word>Coca Cola</word><hint>The Real Thing</hint></item>
<item><word>constants</word><hint>no change</hint></item>
<item><word>coordinates</word><hint>x and y</hint></item>
<item><word>Creation</word><hint>God</hint></item>
<item><word>cylinder</word><hint>solid</hint></item>
<item><word>decimal number</word><hint>point</hint></item>
<item><word>degrees</word><hint>angle</hint></item>
<item><word>denominator</word><hint>fraction</hint></item>
<item><word>diameter</word><hint>circle</hint></item>
<item><word>difference</word><hint>minus</hint></item>
<item><word>disorder</word><hint>chaos</hint></item>
<item><word>distance</word><hint>far</hint></item>
<item><word>divide</word><hint>quotient</hint></item>
<item><word>divisible</word><hint>goes into</hint></item>
<item><word>division</word><hint>flip multiply</hint></item>
<item><word>dollars </word><hint>cents</hint></item>
<item><word>dozen</word><hint>twelve</hint></item>
<item><word>drawn to scale</word><hint>ruler</hint></item>
<item><word>element</word><hint>member</hint></item>
<item><word>elephant</word><hint>large</hint></item>
<item><word>equation</word><hint>same</hint></item>
<item><word>eskimo</word><hint>cold</hint></item>
<item><word>estimate</word><hint>guess</hint></item>
<item><word>even number</word><hint>not odd</hint></item>
<item><word>event</word><hint>occurrence</hint></item>
<item><word>experiment</word><hint>give it a try</hint></item>
<item><word>exponent</word><hint>power</hint></item>
<item><word>factor</word><hint>multiply</hint></item>
<item><word>fireworks</word><hint>bang!</hint></item>
<item><word>fractal</word><hint>mandelbrot</hint></item>
<item><word>fraction</word><hint>numerator</hint></item>
<item><word>frequency</word><hint>how often</hint></item>
<item><word>giraffe</word><hint>tall</hint></item>
<item><word>graph</word><hint>lines</hint></item>
<item><word>greater</word><hint>above</hint></item>
<item><word>greater than</word><hint>more</hint></item>
<item><word>greatest</word><hint>top</hint></item>
<item><word>greatest common divisor</word><hint>gcd</hint></item>
<item><word>Heavens</word><hint>Above</hint></item>
<item><word>hexagon</word><hint>six</hint></item>
<item><word>hippopotamus</word><hint>large</hint></item>
<item><word>histogram</word><hint>bar graph</hint></item>
<item><word>horizontal</word><hint>level</hint></item>
<item><word>hundred</word><hint>C</hint></item>
<item><word>hypotenuse</word><hint>Pythagoras</hint></item>
<item><word>impossible</word><hint>more than hard</hint></item>
<item><word>infinity</word><hint>larger</hint></item>
<item><word>integer</word><hint>whole number</hint></item>
<item><word>isosceles triangle</word><hint>two are equal</hint></item>
<item><word>iteration</word><hint>repeat</hint></item>
<item><word>Kangaroo</word><hint>Boing!</hint></item>
<item><word>kilogram</word><hint>weight</hint></item>
<item><word>kilometer </word><hint>distance</hint></item>
<item><word>least common multiple</word><hint>lcm</hint></item>
<item><word>least likely</word><hint>probably not</hint></item>
<item><word>length</word><hint>line</hint></item>
<item><word>less than</word><hint>smaller</hint></item>
<item><word>lettuce</word><hint>salad</hint></item>
<item><word>likely</word><hint>could be</hint></item>
<item><word>line of symmetry</word><hint>mirror</hint></item>
<item><word>line segment</word><hint>piece</hint></item>
<item><word>linear</word><hint>straight</hint></item>
<item><word>Mandelbrot set</word><hint>fractal</hint></item>
<item><word>measure</word><hint>read value</hint></item>
<item><word>measurement</word><hint>value read</hint></item>
<item><word>median</word><hint>middle value</hint></item>
<item><word>member</word><hint>element</hint></item>
<item><word>metric</word><hint>km</hint></item>
<item><word>milliliter </word><hint>drop</hint></item>
<item><word>millimeter </word><hint>thin</hint></item>
<item><word>minute</word><hint>time</hint></item>
<item><word>month</word><hint>time</hint></item>
<item><word>most likely</word><hint>probably</hint></item>
<item><word>multiplication </word><hint>times</hint></item>
<item><word>multiply</word><hint>factor</hint></item>
<item><word>natural numbers</word><hint>positive</hint></item>
<item><word>negative</word><hint>minus</hint></item>
<item><word>normal distribution</word><hint>bell curve</hint></item>
<item><word>not equal to</word><hint>different</hint></item>
<item><word>number</word><hint>one</hint></item>
<item><word>number line</word><hint>plus is right</hint></item>
<item><word>number pattern</word><hint>steps</hint></item>
<item><word>numerator</word><hint>fraction</hint></item>
<item><word>obtuse angle</word><hint>More than 90</hint></item>
<item><word>occurrence</word><hint>frequency</hint></item>
<item><word>octagon</word><hint>eight</hint></item>
<item><word>odd number</word><hint>three</hint></item>
<item><word>operation</word><hint>do it</hint></item>
<item><word>ordered pair </word><hint>(x, y)</hint></item>
<item><word>ordinal numbers</word><hint>1st 2nd 3rd</hint></item>
<item><word>origin</word><hint>(0,0)</hint></item>
<item><word>output</word><hint>result</hint></item>
<item><word>outrageous</word><hint>no!</hint></item>
<item><word>palindrome</word><hint>back and forth</hint></item>
<item><word>paradox</word><hint>what?</hint></item>
<item><word>parallel</word><hint>lines</hint></item>
<item><word>parallelogram</word><hint>square</hint></item>
<item><word>pentagon</word><hint>five</hint></item>
<item><word>percent</word><hint>hundred</hint></item>
<item><word>perimeter</word><hint>sides</hint></item>
<item><word>pie graph</word><hint>slices</hint></item>
<item><word>place value</word><hint>units, tens</hint></item>
<item><word>polygon</word><hint>shape</hint></item>
<item><word>positive</word><hint>plus</hint></item>
<item><word>possible</word><hint>could be</hint></item>
<item><word>power</word><hint>exponent</hint></item>
<item><word>prediction</word><hint>expecting</hint></item>
<item><word>prime number</word><hint>two factors</hint></item>
<item><word>probability</word><hint>likelihood</hint></item>
<item><word>problem solving</word><hint>eureka</hint></item>
<item><word>product</word><hint>multiply</hint></item>
<item><word>proportion</word><hint>ratio</hint></item>
<item><word>pyramid</word><hint>egypt</hint></item>
<item><word>pythagorean theorem</word><hint>hypotenuse</hint></item>
<item><word>quadrant</word><hint>graph</hint></item>
<item><word>quadrilateral</word><hint>polygon</hint></item>
<item><word>quarter</word><hint>fourth</hint></item>
<item><word>quotient</word><hint>divide</hint></item>
<item><word>quotient</word><hint>fraction</hint></item>
<item><word>radius</word><hint>circle</hint></item>
<item><word>reasonable</word><hint>oh yeah</hint></item>
<item><word>rectangle</word><hint>right angles</hint></item>
<item><word>rectangle</word><hint>4 sides</hint></item>
<item><word>rectangular prism</word><hint>solid</hint></item>
<item><word>rectangular pyramid</word><hint>solid</hint></item>
<item><word>recursion</word><hint>repeat</hint></item>
<item><word>reflect</word><hint>mirror</hint></item>
<item><word>remainders</word><hint>left</hint></item>
<item><word>represents</word><hint>stand for</hint></item>
<item><word>results</word><hint>done</hint></item>
<item><word>rhombus</word><hint>congruent sides</hint></item>
<item><word>rhombus</word><hint>parallelogram</hint></item>
<item><word>right angle</word><hint>ninety</hint></item>
<item><word>right triangle</word><hint>ninety</hint></item>
<item><word>rotate</word><hint>spin</hint></item>
<item><word>round down</word><hint>half</hint></item>
<item><word>round up</word><hint>half</hint></item>
<item><word>sandwich</word><hint>bread</hint></item>
<item><word>second</word><hint>time or two</hint></item>
<item><word>sector</word><hint>slice</hint></item>
<item><word>segment</word><hint>slice</hint></item>
<item><word>shape</word><hint>polygon</hint></item>
<item><word>significant digits</word><hint>important</hint></item>
<item><word>similar</word><hint>like</hint></item>
<item><word>single</word><hint>one</hint></item>
<item><word>solid figure</word><hint>prism</hint></item>
<item><word>Speed of light</word><hint>c</hint></item>
<item><word>sphere</word><hint>solid</hint></item>
<item><word>square</word><hint>parallelogram</hint></item>
<item><word>square centimeters</word><hint>area</hint></item>
<item><word>standard deviation</word><hint>spread</hint></item>
<item><word>straight</word><hint>linear</hint></item>
<item><word>subscript</word><hint>below</hint></item>
<item><word>subtraction</word><hint>less</hint></item>
<item><word>superscript</word><hint>above</hint></item>
<item><word>surface</word><hint>area</hint></item>
<item><word>surface area</word><hint>can paint it</hint></item>
<item><word>symmetry</word><hint>reflect and more</hint></item>
<item><word>television</word><hint>lose IQ</hint></item>
<item><word>temperature</word><hint>hot</hint></item>
<item><word>tessellation</word><hint>tiles</hint></item>
<item><word>thousand</word><hint>M</hint></item>
<item><word>three dimensional</word><hint>solid</hint></item>
<item><word>times tables</word><hint>multiplication </hint></item>
<item><word>tolerance</word><hint>ok</hint></item>
<item><word>total</word><hint>add</hint></item>
<item><word>translate</word><hint>slide</hint></item>
<item><word>trapezoid</word><hint>pair of sides</hint></item>
<item><word>triangular</word><hint>three</hint></item>
<item><word>triangular prism</word><hint>solid</hint></item>
<item><word>triangular pyramid</word><hint>solid</hint></item>
<item><word>two dimensional</word><hint>surface</hint></item>
<item><word>union of sets</word><hint>either or both</hint></item>
<item><word>unknown</word><hint>x</hint></item>
<item><word>unlikely</word><hint>doubt it</hint></item>
<item><word>value</word><hint>number</hint></item>
<item><word>variable</word><hint>changing</hint></item>
<item><word>vector</word><hint>arrow</hint></item>
<item><word>velocity</word><hint>speed</hint></item>
<item><word>Venn diagram</word><hint>sets</hint></item>
<item><word>vertex</word><hint>tip</hint></item>
<item><word>vertical</word><hint>up down</hint></item>
<item><word>vertices</word><hint>tips</hint></item>
<item><word>volume</word><hint>water</hint></item>
<item><word>volume</word><hint>solid</hint></item>
<item><word>weight</word><hint>heavy</hint></item>
<item><word>whole number</word><hint>integer</hint></item>
<item><word>width</word><hint>length</hint></item>
</wordset>

